{
    "data": {
        "userID": "local-test-izualizer",
        "source": "local-editor",
        "plans": [
            [
                {
                    "corners": [
                        [
                            46.6,
                            32.0
                        ],
                        [
                            46.6,
                            40.900000000000006
                        ],
                        [
                            35.5,
                            40.900000000000006
                        ],
                        [
                            35.5,
                            32.0
                        ],
                        [
                            46.6,
                            32.0
                        ]
                    ],
                    "x": 35.5,
                    "y": 32.0,
                    "width": 11.100000000000001,
                    "height": 8.9,
                    "id": 0,
                    "label": "room_0",
                    "type": "room"
                },
                {
                    "corners": [
                        [
                            35.300000000000004,
                            32.0
                        ],
                        [
                            35.300000000000004,
                            40.900000000000006
                        ],
                        [
                            29.1,
                            40.900000000000006
                        ],
                        [
                            29.1,
                            32.0
                        ],
                        [
                            35.300000000000004,
                            32.0
                        ]
                    ],
                    "x": 29.1,
                    "y": 32.0,
                    "width": 6.2,
                    "height": 8.9,
                    "id": 1,
                    "label": "room_1",
                    "type": "room"
                },
                {
                    "corners": [
                        [
                            27.8,
                            31.900000000000002
                        ],
                        [
                            27.8,
                            42.800000000000004
                        ],
                        [
                            13.700000000000001,
                            42.800000000000004
                        ],
                        [
                            13.700000000000001,
                            31.900000000000002
                        ],
                        [
                            27.8,
                            31.900000000000002
                        ]
                    ],
                    "x": 13.700000000000001,
                    "y": 31.900000000000002,
                    "width": 14.100000000000001,
                    "height": 10.9,
                    "id": 2,
                    "label": "room_2",
                    "type": "room"
                },
                {
                    "corners": [
                        [
                            13.5,
                            31.900000000000002
                        ],
                        [
                            13.5,
                            40.6
                        ],
                        [
                            5.2,
                            40.6
                        ],
                        [
                            5.2,
                            31.900000000000002
                        ],
                        [
                            13.5,
                            31.900000000000002
                        ]
                    ],
                    "x": 5.2,
                    "y": 31.900000000000002,
                    "width": 8.3,
                    "height": 8.700000000000001,
                    "id": 3,
                    "label": "room_3",
                    "type": "room"
                },
                {
                    "corners": [
                        [
                            12.5,
                            18.6
                        ],
                        [
                            12.5,
                            30.6
                        ],
                        [
                            5.2,
                            30.6
                        ],
                        [
                            5.2,
                            18.6
                        ],
                        [
                            12.5,
                            18.6
                        ]
                    ],
                    "x": 5.2,
                    "y": 18.6,
                    "width": 7.300000000000001,
                    "height": 12.0,
                    "id": 4,
                    "label": "room_4",
                    "type": "room"
                },
                {
                    "corners": [
                        [
                            28.1,
                            15.600000000000001
                        ],
                        [
                            28.1,
                            16.1
                        ],
                        [
                            29.1,
                            16.2
                        ],
                        [
                            29.1,
                            30.700000000000003
                        ],
                        [
                            50.1,
                            30.700000000000003
                        ],
                        [
                            50.2,
                            40.800000000000004
                        ],
                        [
                            52.300000000000004,
                            40.900000000000006
                        ],
                        [
                            52.5,
                            43.0
                        ],
                        [
                            74.9,
                            43.0
                        ],
                        [
                            74.9,
                            32.300000000000004
                        ],
                        [
                            64.9,
                            32.300000000000004
                        ],
                        [
                            64.8,
                            31.1
                        ],
                        [
                            75.0,
                            30.900000000000002
                        ],
                        [
                            75.0,
                            15.700000000000001
                        ],
                        [
                            58.6,
                            16.0
                        ],
                        [
                            58.5,
                            15.700000000000001
                        ],
                        [
                            28.1,
                            15.600000000000001
                        ]
                    ],
                    "x": 28.1,
                    "y": 15.600000000000001,
                    "width": 46.900000000000006,
                    "height": 27.400000000000002,
                    "id": 5,
                    "label": "room_5",