{
    "data": {
        "userID": "local-test-izualizer",
        "source": "local-editor",
        "plans": [
            [
                {
                    "corners": [
                        [
                            46.7,
                            41.0
                        ],
                        [
                            46.7,
                            31.900000000000002
                        ],
                        [
                            35.4,
                            31.900000000000002
                        ],
                        [
                            35.4,
                            41.0
                        ],
                        [
                            46.7,
                            41.0
                        ]
                    ],
                    "x": 35.4,
                    "y": 31.900000000000002,
                    "width": 11.3,
                    "height": 9.1,
                    "id": 0,
                    "label": "room_0",
                    "type": "bathroom"
                },
                {
                    "corners": [
                        [
                            29.0,
                            41.0
                        ],
                        [
                            35.4,
                            41.0
                        ],
                        [
                            35.4,
                            31.900000000000002
                        ],
                        [
                            29.15857864376269,
                            31.900000000000002
                        ],
                        [
                            29.0,
                            32.058578643762694
                        ],
                        [
                            29.0,
                            41.0
                        ]
                    ],
                    "x": 29.0,
                    "y": 31.900000000000002,
                    "width": 6.4,
                    "height": 9.1,
                    "id": 1,
                    "label": "room_1",
                    "type": "bedroom"
                },
                {
                    "corners": [
                        [
                            16.04142135623731,
                            34.2
                        ],
                        [
                            17.05857864376269,
                            34.2
                        ],
                        [
                            17.1,
                            34.24142135623731
                        ],
                        [
                            17.1,
                            42.900000000000006
                        ],
                        [
                            27.900000000000002,
                            42.900000000000006
                        ],
                        [
                            27.900000000000002,
                            31.900000000000002
                        ],
                        [
                            23.941421356237313,
                            31.900000000000002
                        ],
                        [
                            23.841421356237312,
                            31.8
                        ],
                        [
                            13.600000000000001,
                            31.8
                        ],
                        [
                            13.600000000000001,
                            40.7
                        ],
                        [
                            16.0,
                            40.7
                        ],
                        [
                            16.0,
                            34.24142135623731
                        ],
                        [
                            16.04142135623731,
                            34.2
                        ]
                    ],
                    "x": 13.600000000000001,
                    "y": 31.8,
                    "width": 14.3,
                    "height": 11.100000000000001,
                    "id": 2,
                    "label": "room_2",
                    "type": "bedroom"
                },
                {
                    "corners": [
                        [
                            13.600000000000001,
                            31.8
                        ],
                        [
                            9.15857864376269,
                            31.8
                        ],
                        [
                            9.05857864376269,
                            31.900000000000002
                        ],
                        [
                            5.25857864376269,
                            31.900000000000002
                        ],
                        [
                            5.1000000000000005,
                            32.058578643762694
                        ],
                        [
                            5.1000000000000005,
                            40.7
                        ],
                        [
                            13.600000000000001,
                            40.7
                        ],
                        [
                            13.600000000000001,
                            31.8
                        ]
                    ],
                    "x": 5.1000000000000005,
                    "y": 31.8,
                    "width": 8.5,
                    "height": 8.9,
                    "id": 3,
                    "label": "room_3",
                    "type": "bedroom"
                },
                {
                    "corners": [
                        [
                            4.1000000000000005,
                            17.5
                        ],
                        [
                            4.1000000000000005,
                            31.700000000000003
                        ],
                        [
                            13.600000000000001,
                            31.700000000000003
                        ],
                        [
                            13.600000000000001,
                            17.5
                        ],
                        [
                            4.1000000000000005,
                            17.5
                        ]
                    ],
                    "x": 4.1000000000000005,
                    "y": 17.5,
                    "width": 9.5,
                    "height": 14.200000000000001,
                    "id": 4,
                    "label": "room_4",