{
    "data": {
         "userID": "local-test-izualizer",
         "source": "local-editor",
         "plans": [
              [
                   {
                        "corners": [
                             [
                                  46.6,
                                  32.0
                             ],
                             [
                                  46.6,
                                  40.900000000000006
                             ],
                             [
                                  35.5,
                                  40.900000000000006
                             ],
                             [
                                  35.5,
                                  32.0
                             ],
                             [
                                  46.6,
                                  32.0
                             ]
                        ],
                        "x": 35.5,
                        "y": 32.0,
                        "width": 11.100000000000001,
                        "height": 8.9,
                        "id": 0,
                        "label": "room_0",
                        "type": "room"
                   },
                   {
                        "corners": [
                             [
                                  35.300000000000004,
                                  32.0
                             ],
                             [
                                  35.300000000000004,
                                  40.900000000000006
                             ],
                             [
                                  29.1,
                                  40.900000000000006
                             ],
                             [
                                  29.1,
                                  32.0
                             ],
                             [
                                  35.300000000000004,
                                  32.0
                             ]
                        ],
                        "x": 29.1,
                        "y": 32.0,
                        "width": 6.2,
                        "height": 8.9,
                        "id": 1,
                        "label": "room_1",
                        "type": "room"
                   },
                   {
                        "corners": [
                             [
                                  27.8,
                                  31.8
                             ],
                             [
                                  13.700000000000001,
                                  31.8
                             ],
                             [
                                  13.629289321881345,
                                  31.829289321881348
                             ],
                             [
                                  13.600000000000001,
                                  31.900000000000002
                             ],
                             [
                                  13.600000000000001,
                                  42.800000000000004
                             ],
                             [
                                  13.629289321881345,
                                  42.870710678118655
                             ],
                             [
                                  13.700000000000001,
                                  42.900000000000006
                             ],
                             [
                                  27.8,
                                  42.900000000000006
                             ],
                             [
                                  27.870710678118655,
                                  42.870710678118655
                             ],
                             [
                                  27.900000000000002,
                                  42.800000000000004
                             ],
                             [
                                  27.900000000000002,
                                  31.900000000000002
                             ],
                             [
                                  27.870710678118655,
                                  31.829289321881348
                             ],
                             [
                                  27.8,
                                  31.8
                             ]
                        ],
                        "x": 13.600000000000001,
                        "y": 31.8,
                        "width": 14.3,
                        "height": 11.100000000000001,
                        "id": 2,
                        "label": "room_2",
                        "type": "room"
                   },
                   {
                        "corners": [
                             [
                                  13.5,
                                  31.8
                             ],
                             [
                                  5.2,
                                  31.8
                             ],
                             [
                                  5.129289321881346,
                                  31.829289321881348
                             ],
                             [
                                  5.1000000000000005,
                                  31.900000000000002
                             ],
                             [
                                  5.1000000000000005,
                                  40.6
                             ],
                             [
                                  5.129289321881346,
                                  40.67071067811866
                             ],
                             [
                                  5.2,
                                  40.7
                             ],
                             [
                                  13.5,
                                  40.7
                             ],
                             [
                                  13.570710678118656,
                                  40.67071067811866
                             ],
                             [
                                  13.600000000000001,
                                  40.6
                             ],
                             [
                                  13.600000000000001,
                                  31.900000000000002
                             ],
                             [
                                  13.570710678118656,
                                  31.829289321881348
                             ],
                             [
                                  13.5,
                                  31.8
                             ]
                        ],
                        "x": 5.1000000000000005,
                        "y": 31.8,
                        "width": 8.5,
                        "height": 8.9,
                        "id": 3,
                        "label": "room_3",